modul,savol,text,answers
5-modul 5.1 mavzu,1-savol,Receptionist telefonni qanday ko‘taradi?,Tabassum va salomlashish
5-modul 5.1 mavzu,2-savol,Receptionist telefon orqali qanday gapiradi?,Tushunarli va muloyim
5-modul 5.1 mavzu,3-savol,Telefon suhbatida nima muhim?,Diqqat bilan tinglash
5-modul 5.1 mavzu,4-savol,Receptionist buyurtma yoki so‘rovni qanday qabul qiladi?,Yozib olish
5-modul 5.1 mavzu,5-savol,Receptionist mehmonni qanday xabardor qiladi?,Qayta qo‘ng‘iroq qilish va aytib berish
5-modul 5.1 mavzu,6-savol,Qaysi rasm professional telefon xizmatini ko‘rsatadi?,Tabassum bilan suhbat
5-modul 5.2 mavzu,1-savol,Receptionist buyurtmani qanday qabul qiladi?,Yozib olish
5-modul 5.2 mavzu,2-savol,Receptionist mehmon so‘rovini qanday tinglaydi?,Diqqat bilan
5-modul 5.2 mavzu,3-savol,Buyurtmani qabul qilganda receptionist nima qiladi?,Tasdiqlab aytadi
5-modul 5.2 mavzu,4-savol,. Receptionist so‘rovni qanday qayta aytadi?,Buyurtmani takrorlab tasdiqlash
5-modul 5.2 mavzu,5-savol,Receptionist xizmatni vaqtda yetkazish uchun nima qiladi?,Vaqtni belgilaydi
5-modul 5.2 mavzu,6-savol,Qaysi rasm professional buyurtma qabul qilishni ko‘rsatadi?,Yozib olish va tabassum
5-modul 5.3 mavzu,1-savol,Receptionist shikoyatni qanday qabul qiladi?,Diqqat bilan tinglash
5-modul 5.3 mavzu,2-savol,Receptionist shikoyatni qanday javob bilan qabul qiladi?,Muloyim va tushunarli
5-modul 5.3 mavzu,3-savol,Receptionist shikoyatni yozib oladimi?,"Ha, yozib oladi"
5-modul 5.3 mavzu,4-savol,Receptionist muammoni qanday hal qiladi?,Uzr so‘rab va yechim taklif qilib
5-modul 5.3 mavzu,5-savol,Qaysi rasm shikoyat bilan ishlashni ko‘rsatadi?,Qo‘l berib uzr so‘rash
5-modul 5.3 mavzu,6-savol,Receptionist mehmonni qanday tinchlantiradi?,Iliq va samimiy gaplar
5-modul 5.4 mavzu,1-savol,Receptionist shikoyat eshitganda birinchi nima qiladi?,Diqqat bilan tinglaydi
5-modul 5.4 mavzu,2-savol,Receptionist shikoyatga qanday javob beradi?,Muloyim va tushunarli
5-modul 5.4 mavzu,3-savol,Receptionist shikoyat uchun nima deydi?,“Kechirasiz” deb uzr so‘rash
5-modul 5.4 mavzu,4-savol,Receptionist professional so‘z birikmasi qanday?,"“Rahmat, muammoingizni aytganingiz uchun.”"
5-modul 5.4 mavzu,5-savol,Qaysi rasm professional javobni ko‘rsatadi?,Tabassum bilan tushuntirish
5-modul 5.4 mavzu,6-savol,Receptionist qanday ohangda gapiradi?,Iliq va tushunarli
6-modul 6.1 mavzu,1-savol,Receptionist mijoz muammosini qanday tinglaydi?,Diqqat bilan va hurmat bilan
6-modul 6.1 mavzu,2-savol,Tinglash vaqtida receptionistning yuz ifodasi qanday?,Iliq va qiziqish bilan
6-modul 6.1 mavzu,3-savol,Receptionist nima qiladi?,Muammoni yozib oladi
6-modul 6.1 mavzu,6-savol,Receptionist muammo eshitganda qanday javob beradi?,"“Rahmat, tushundim”"
6-modul 6.2 mavzu,1-savol,Receptionist muammo uchun qanday javob beradi?,“Kechirasiz” deb uzr so‘rash
6-modul 6.2 mavzu,2-savol,Receptionist muammoni qanday hal qiladi?,Yechim taklif qiladi
6-modul 6.2 mavzu,3-savol,Receptionist qanday yuz ifodasi bilan gapiradi?,Iliq va tushunarli
6-modul 6.2 mavzu,5-savol,Qaysi rasm professional kechirim so‘rashni ko‘rsatadi?,Uzr so‘rab qo‘l berish yoki bukilish
6-modul 6.2 mavzu,6-savol,Receptionist muammoni hal qilish uchun nima qiladi?,Masalani tezda tuzatish va xizmat taklif qilish
7-modul 7.1 mavzu,1-savol,Receptionist check-out jarayonida nima qiladi?,To‘lovni qabul qiladi va tushuntiradi
7-modul 7.1 mavzu,2-savol,Check-out paytida receptionist qanday ohangda gapiradi?,Muloyim va tushunarli
7-modul 7.1 mavzu,3-savol,Receptionist mehmondan nima oladi?,Xona kaliti yoki kartasi
7-modul 7.1 mavzu,4-savol,Check-out jarayonida qanday yuz ifoda bo‘ladi?,Tabassum va hurmatli qarash
7-modul 7.1 mavzu,5-savol,Qaysi rasm professional check-outni ko‘rsatadi?,To‘lov qilish va qo‘l siqish 
7-modul 7.1 mavzu,6-savol,Receptionist check-outda qanday xizmat ko‘rsatadi?,Hisob-kitobni tushuntiradi va yordam beradi
7-modul 7.2 mavzu,1-savol,Receptionist to‘lovni qanday qabul qiladi?,Karta yoki naqd shaklda to‘lovni qabul qiladi
7-modul 7.2 mavzu,2-savol,To‘lov vaqtida qanday ohangda gapiradi?,Tushunarli va muloyim
7-modul 7.2 mavzu,6-savol,Receptionist to‘lovdan keyin nima qiladi?,Chekni beradi va minnatdorchilik bildiradi
7-modul 7.3 mavzu,1-savol,Receptionist hisob-kitobni qanday tushuntiradi?,Aniq va tushunarli
7-modul 7.3 mavzu,2-savol,Receptionistning ohangi qanday bo‘ladi?,Muloyim va hurmatli
7-modul 7.3 mavzu,3-savol,Hisobni tushuntirganda receptionist nima qiladi?,Bandma-band izoh beradi
7-modul 7.3 mavzu,4-savol,Receptionist qanday yuz ifoda bilan tushuntiradi?,Tabassum va diqqat bilan 
7-modul 7.3 mavzu,5-savol,Qaysi rasm professional hisob-kitob tushuntirishni ko‘rsatadi?,Professional xizmat
7-modul 7.3 mavzu,6-savol,Receptionist qanday gapdan foydalanadi?,Aniq va tushunarli
7-modul 7.4 mavzu,1-savol,Receptionist mehmon bilan qanday xayrlashadi?,Hurmat va iliqlik
7-modul 7.4 mavzu,2-savol,Receptionistning ohangi qanday bo‘ladi?,Iliq va samimiy
7-modul 7.4 mavzu,3-savol,Receptionist minnatdorchilikni qanday bildiradi?,"“Rahmat, sizga xizmat qilishdan mamnun bo‘ldik."""
7-modul 7.4 mavzu,4-savol,Xayrlashishda qanday yuz ifoda bo‘ladi?,Tabassum
7-modul 7.4 mavzu,6-savol,Receptionist qanday so‘zdan foydalanadi?,Mehmonni qadrli his qilish
8-modul 8.1 mavzu,1-savol,“Welcome” iborasi qachon ishlatiladi?,Mehmonni kutib olishda
8-modul 8.1 mavzu,2-savol,“How can I help you?” nimani anglatadi?,Xizmat taklif qilish
8-modul 8.1 mavzu,3-savol,“Please” qachon ishlatiladi?,Professional gaplashuv
8-modul 8.1 mavzu,4-savol,“Thank you” qaysi holatda ishlatiladi?,Minnatdorchilik bildiradi
8-modul 8.1 mavzu,5-savol,“Goodbye” qaysi vaziyatda ishlatiladi?,Xayrlashishda
8-modul 8.1 mavzu,6-savol,Receptionist qaysi iborani ishlatishi kerak?,“Excuse me”
8-modul 8.2 mavzu,1-savol,Receptionist mehmonni qanday kutib oladi?,“Welcome! How can I help you?”
8-modul 8.2 mavzu,2-savol,Mehmon so‘raydi: “Do you have a reservation?” Receptionist qanday javob beradi?,"“Yes, let me check your name, please.”"
8-modul 8.2 mavzu,3-savol,Receptionist mehmondan ma’lumot so‘raydi:,"“May I see your ID or passport, please?”"
8-modul 8.2 mavzu,4-savol,Mehmon: “Thank you.” Receptionist qanday javob beradi?,“You’re welcome!”
8-modul 8.2 mavzu,5-savol,Receptionist xizmatni taklif qiladi:,“Would you like some help with your bags?”
8-modul 8.2 mavzu,6-savol,Receptionist xizmatni tasdiqlaydi:,"“Sure, I can help you with that.”"
8-modul 8.3 mavzu,1-savol,Receptionist mehmonning ismini qanday so‘raydi?,"“May I have your name, please?”"
8-modul 8.3 mavzu,2-savol,Receptionist bandlikni tekshirayotganda nima deydi?,“Do you have a reservation?”
8-modul 8.3 mavzu,3-savol,Receptionist yordam taklif qilayotganda nima deydi?,“How can I help you?”
8-modul 8.3 mavzu,4-savol,Mehmon: “Where is my room?” Receptionist qanday javob beradi?,“I will show you the way.”
8-modul 8.3 mavzu,5-savol,Receptionist xizmatni tasdiqlaydi:,"“Sure, I can do that for you.”"
8-modul 8.3 mavzu,6-savol,Receptionist muammoni eshitganda nima deydi?,“I’m sorry to hear that. Let me help.”
8-modul 8.4 mavzu,1-savol,Qaysi rasm kutib olishni ko‘rsatadi?,Samimiy va professional kutib olish
8-modul 8.4 mavzu,2-savol,Qaysi rasm yordam taklif qilishni ko‘rsatadi?,Xizmat taklifi va yordam
8-modul 8.4 mavzu,3-savol,Qaysi rasm hisob-kitobni tushuntirishni ko‘rsatadi?,Aniq va ochiq xizmat
8-modul 8.4 mavzu,4-savol,Qaysi rasm uzr so‘rashni ko‘rsatadi?,Hurmat va kechirim
8-modul 8.4 mavzu,5-savol,Qaysi rasm xayrlashishni ko‘rsatadi?,Samimiy va professional vidolashish
8-modul 8.4 mavzu,6-savol,Qaysi rasm xizmat madaniyatini ko‘rsatadi?,Xizmat madaniyati va e’tibor
9-modul 9.1 mavzu,1-savol,Qaysi rasm receptionistning professional formasini ko‘rsatadi?,"Tartibli, uniformali receptionist"
9-modul 9.1 mavzu,2-savol,Qaysi rasm gigiena va ozodalikka mos?,"Toza, taralgan soch va yuz"
9-modul 9.1 mavzu,3-savol,Receptionist nima uchun forma kiyadi?,Ishonch va hurmat uyg‘otadi
9-modul 9.1 mavzu,4-savol,Receptionistning ohangi qanday bo‘ladi?, Muloyim va hurmatli
9-modul 9.1 mavzu,5-savol,Qaysi rasm professional gigiena va ozodalikka mos?,Toza qo‘l va gigiena belgisi
9-modul 9.1 mavzu,6-savol,Qaysi rasm receptionistni professional holatda ko‘rsatadi?,Hurmat va samimiyat